trx is the most popular crypto in india now. tron has more trading volume than btc eth ripple eos . tron is‚Ä¶ LINK,Sun Mar 25 04:03:49 +0000 2018
when i'm on a date and the guy stas talking about bitcoin LINK,Fri Mar 23 23:49:41 +0000 2018
toronto stock exchange operator launches crypto brokerage LINK bitcoin LINK,Sun Mar 25 01:07:20 +0000 2018
 AT_USER youtube : bitcoin death cross now? bitcoin to 5k before next bull market!? LINK LINK,Sun Mar 25 11:09:32 +0000 2018
 AT_USER trx is the most popular crypto in india now. tron has more trading volume than btc eth ripple eos . tron is the‚Ä¶,Sun Mar 25 11:09:32 +0000 2018
 AT_USER ico first period is almost over! don‚Äôt miss our bonus: 30%. only 7 days left! utemis blockchain ethereum bitcoin tokens‚Ä¶,Sun Mar 25 11:09:32 +0000 2018
bitcoin loses $9k suppo after binance confusion shakes confidence LINK alts crypto,Sun Mar 25 11:09:30 +0000 2018
 AT_USER we're going to be answering questions on our bitcointalk post!ask us now: LINK cry‚Ä¶,Sun Mar 25 11:09:26 +0000 2018
 AT_USER LINK checkout our bitcointalk ann LINK gymrewards tokenssale ethereum bitcoin ‚Ä¶,Sun Mar 25 11:09:24 +0000 2018
 AT_USER bitcoin satoshi earn_money cryptocurrency blockchain airdropnew airdrop yoomipha üì¢yoomipha ai personal health‚Ä¶,Sun Mar 25 11:09:24 +0000 2018
" AT_USER ‚Äúreal users"": bitcoin donations helped these eahquake survivors recover LINK",Sun Mar 25 11:09:23 +0000 2018
 AT_USER 13 best cryptocurrency investment courses for businessLINK cryptocurrencies blockchain eth‚Ä¶,Sun Mar 25 11:09:23 +0000 2018
attention all digibyte community members! are you interested in promoting the digibyte blockchain?#bitcoin‚Ä¶ LINK,Sun Mar 25 11:09:23 +0000 2018
 AT_USER reddit repoedly removes bitcoin as payment LINK via AT_USER,Sun Mar 25 11:09:22 +0000 2018
 AT_USER LINK checkout our bitcointalk ann LINK gymrewards tokenssale ethereum bitcoin ‚Ä¶,Sun Mar 25 11:09:21 +0000 2018
 AT_USER a detailed overview of bitcoin projects being worked on next. üëá- schnorr signatures- bulletproof- confidential tr‚Ä¶,Sun Mar 25 11:09:20 +0000 2018
" AT_USER get ready for the next big thing! following our 1 eth giveaway, we have decided to do a 1 bitcoin giveaway to the coti ‚Ä¶",Sun Mar 25 11:09:20 +0000 2018
 AT_USER netflix just promoted bitcoin accepted in a store through one of its popular tv shows. bitcoin netflix LINK,Sun Mar 25 11:09:19 +0000 2018
 AT_USER coin:AT_USER is a cryptocurrency with a secure blockchain based on bitcoin core that integ‚Ä¶,Sun Mar 25 11:09:19 +0000 2018
üîîüí∞ birake bot | airdrop üí∞üîîlink down below.don't miss out! üì¢ üì¢telegram: AT_USER LINK,Sun Mar 25 11:09:18 +0000 2018
the latest the cryptocurrency daily! LINK thanks to AT_USER AT_USER AT_USER blockchain bitcoin,Sun Mar 25 11:09:17 +0000 2018
 AT_USER we're going to be answering questions on our bitcointalk post!ask us now: LINK cry‚Ä¶,Sun Mar 25 11:09:17 +0000 2018
 AT_USER LINK checkout our bitcointalk ann LINK ‚Ä¶ gymrewards tokenssale ethereum bitcoi‚Ä¶,Sun Mar 25 11:09:16 +0000 2018
"new post: ""cryptocurrency has already made you rich ‚Äì you just didn‚Äôt notice"" LINK",Sun Mar 25 11:09:15 +0000 2018
" AT_USER today is the last day for you to get your obzs at the price of 1eth=10,000 obz tokens!do not lose more time: join obizcoin‚Ä¶",Sun Mar 25 11:09:12 +0000 2018
 AT_USER join action coin to earn 100 free action tokens!LINK üòébitcoin altcoin crypto xvg verge ltc ethe‚Ä¶,Sun Mar 25 11:09:11 +0000 2018
" AT_USER it‚Äôs great that craigslist now allows payment in bitcoin, but we also want litecoin as an option! paywithlitecoinlet‚Äôs conta‚Ä¶",Sun Mar 25 11:09:11 +0000 2018
top story: 'gold bug' peter schiff's company now accepts bitcoin cash - bitcoin‚Ä¶ LINK see more LINK,Sun Mar 25 11:09:11 +0000 2018
blockchain box office. earlier this week AT_USER announced plans to release the comedy AT_USER as the‚Ä¶ LINK,Sun Mar 25 11:09:09 +0000 2018
 AT_USER incredible news! we are now one of the largest telegram groups in the world! thank you all and welcome to the community.‚Ä¶,Sun Mar 25 11:09:08 +0000 2018
"""you can use the blockchain in many places, but where should you actually use it?"" AT_USER AT_USER LINK",Sun Mar 25 11:09:08 +0000 2018
the 7 wyhs of all ages is analogous with bitcoin - in that ''it has no value.'',Sun Mar 25 11:09:06 +0000 2018
" AT_USER us: hackers shut down government computers in atlanta, demand bitcoin LINK LINK",Sun Mar 25 11:09:06 +0000 2018
" AT_USER the bounty program is still running! we had to close down new sign ups, because a massive amount of 45k users joined. w‚Ä¶",Sun Mar 25 11:09:06 +0000 2018
 AT_USER incredible news! we are now one of the largest telegram groups in the world! thank you all and welcome to the community.‚Ä¶,Sun Mar 25 11:09:05 +0000 2018
" AT_USER create custom group bets and invite your friends, choose the buy in amounts, select what spo to bet on and enjoy the g‚Ä¶",Sun Mar 25 11:09:05 +0000 2018
"youtube : andreas m. antonopoulos--bitcoin future april,2018--: what is the roadmap? LINK LINK",Sun Mar 25 11:09:04 +0000 2018
 AT_USER interested in paicipating in the chimaera public presale but don't know how to do it? walk through our infographic an‚Ä¶,Sun Mar 25 11:09:03 +0000 2018
youtube : bitcoin death cross now? bitcoin to 5k before next bull market!? LINK LINK,Sun Mar 25 11:09:03 +0000 2018
 AT_USER review of cryptocurrency investment course 2018LINK cryptocurrencies blockchain etherum bitcoi‚Ä¶,Sun Mar 25 11:09:03 +0000 2018
 AT_USER icymi: the electrum personal server will give bitcoin users the full node security they need LINK ‚Ä¶,Sun Mar 25 11:09:02 +0000 2018
cryptocurrency has already made you rich ‚Äì you just didn‚Äôt notice LINK LINK,Sun Mar 25 11:09:02 +0000 2018
 AT_USER review of cryptocurrency investment course 2018LINK cryptocurrencies blockchain etherum bitcoi‚Ä¶,Sun Mar 25 11:09:02 +0000 2018
 AT_USER bitcoin satoshi earn_money cryptocurrency blockchain airdropnew airdrop neocash üì¢neocash distributes free tok‚Ä¶,Sun Mar 25 11:09:02 +0000 2018
cryptocurrency has already made you rich ‚Äì you just didn‚Äôt notice LINK LINK,Sun Mar 25 11:09:02 +0000 2018
 AT_USER ten altcoins you should have in your crypto walletread more at: LINK LINK,Sun Mar 25 11:09:01 +0000 2018
bitcoin price watch: currency rises by nearly¬†$300 LINK,Sun Mar 25 11:09:01 +0000 2018
 AT_USER incredible news! we are now one of the largest telegram groups in the world! thank you all and welcome to the community.‚Ä¶,Sun Mar 25 11:09:01 +0000 2018
 AT_USER what is switcheo cryptocurrency? LINK newsoftheweek bitcoin blockchain crypto cryptocurrency‚Ä¶,Sun Mar 25 11:08:59 +0000 2018
 AT_USER our very own AT_USER co-founder markus levin at cbconference in sf! LINK xyo xyonetwor‚Ä¶,Sun Mar 25 11:08:58 +0000 2018
 AT_USER üöÄ truegame team is fully ready to conquer tallinn! ‚úîÔ∏ètomorrow we'll be attending blockchain &amp; bitcoin conference tallinn‚Ä¶,Sun Mar 25 11:08:58 +0000 2018
 AT_USER voxel token airdrop registration form! round 1! ($10)re-tweet and tweet us your mew for a bonus!random re-tweet will get‚Ä¶,Sun Mar 25 11:08:57 +0000 2018
 AT_USER hi everyone!üòÄwe keep on visiting conferences in tokyo!‚úîÔ∏è LINK cryptocurrency promo digita‚Ä¶,Sun Mar 25 11:08:56 +0000 2018
" AT_USER not in the far of future, people will look back at this era of crypto twitter with anger and astonishment saying things like‚Ä¶",Sun Mar 25 11:08:56 +0000 2018
 AT_USER we have been attending a lot of conferences lately! we gathered a great deal of positive first hand feedback from the co‚Ä¶,Sun Mar 25 11:08:54 +0000 2018
 AT_USER thank you AT_USER for sharing the exciting panership between AT_USER and AT_USER LINK,Sun Mar 25 11:08:54 +0000 2018
 AT_USER breaking news! - new verge website is released!LINK verge $xvg cryptocurrency crypto news‚Ä¶,Sun Mar 25 11:08:50 +0000 2018
 AT_USER bitcoin satoshi earn_money cryptocurrency blockchain airdropnew airdrop neocash üì¢neocash distributes free toke‚Ä¶,Sun Mar 25 11:08:49 +0000 2018
 AT_USER we have been attending a lot of conferences lately! we gathered a great deal of positive first hand feedback from the co‚Ä¶,Sun Mar 25 11:08:48 +0000 2018
how does a bitcoin wallet¬†work? LINK LINK,Sun Mar 25 11:08:48 +0000 2018
 AT_USER we are not centralised we are united !bitcoin cash,Sun Mar 25 11:08:45 +0000 2018
 AT_USER the future of payments with blockchainbitcoin blockchain fintech ai iot saas bigdata ethereum disruption info‚Ä¶,Sun Mar 25 11:08:45 +0000 2018
 AT_USER trx is the most popular crypto in india now. tron has more trading volume than btc eth ripple eos . tron is the‚Ä¶,Sun Mar 25 11:08:45 +0000 2018
 AT_USER have you seen this AT_USER 3d video explaining how the chimaera blockchain gaming platform works? learn more an‚Ä¶,Sun Mar 25 11:08:43 +0000 2018
"AT_USER maybe you could add a ‚Äòregular bitcoin holder‚Äô session, where you interview a regular joe from the‚Ä¶ LINK",Sun Mar 25 11:08:42 +0000 2018
 AT_USER the otc trading feature of fixy will let users exchange their cryptocurrencies both in cryptocurrency and fiat money without‚Ä¶,Sun Mar 25 11:08:40 +0000 2018
 AT_USER trx is the most popular crypto in india now. tron has more trading volume than btc eth ripple eos . tron is the‚Ä¶,Sun Mar 25 11:08:40 +0000 2018
" AT_USER 1) recommend checking out andrew poelstra's piece ""asics and decentralization faq"". lots of insights on why asic-resistance‚Ä¶",Sun Mar 25 11:08:37 +0000 2018
 AT_USER we're going to be answering questions on our bitcointalk post!ask us now: LINK cry‚Ä¶,Sun Mar 25 11:08:37 +0000 2018
 AT_USER betrium as featured on ico ale.LINK tokensale ico bitcoin ethereum thefutureofgambli‚Ä¶,Sun Mar 25 11:08:37 +0000 2018
LINK crypto blockchain pdata opirium ethereum bitcoin cryptocurrency btc‚Ä¶ LINK,Sun Mar 25 11:08:35 +0000 2018
" AT_USER ‚Äòbitcoin is 1 priority‚Äô: nsa targeted cryptocurrency users globally, snowden leaks show ‚Äî us news LINK",Sun Mar 25 11:08:35 +0000 2018
 AT_USER we have been getting a lot of questions about the bonuses... we value our early adopters and people that believe in the‚Ä¶,Sun Mar 25 11:08:34 +0000 2018
who wants to bet me that bitcoin doesn't have the 50/200 daily moving average deathcross today? i'm sure it won't.,Sun Mar 25 11:08:33 +0000 2018
 AT_USER it's been 72 hours since the official launch of our bounty campaign.is there a stronger crypto community out there?cr‚Ä¶,Sun Mar 25 11:08:32 +0000 2018
 AT_USER chimaera has received the highest rating possible on AT_USER with a 5/5!! take advantage our our public presale happe‚Ä¶,Sun Mar 25 11:08:30 +0000 2018
" AT_USER bitcoin satoshi earn_money cryptocurrency blockchain airdropnew airdrop gmv üì¢gmv airdrop $1,000,000 ‚úàÔ∏èüí∞woh‚Ä¶",Sun Mar 25 11:08:28 +0000 2018
"take notes..icos can be tricky sometimes, good thing we have it right! wealthmigrate wealthe blockchain icos‚Ä¶ LINK",Sun Mar 25 11:08:27 +0000 2018
" AT_USER some ""expes"" with fancy titles told us that the internet would be irrelevant, could never work. now they are saying the sam‚Ä¶",Sun Mar 25 11:08:24 +0000 2018
 AT_USER ten altcoins you should have in your crypto walletread more at: LINK LINK,Sun Mar 25 11:08:23 +0000 2018
"is it too late to buy vechain? absolutely not, for me it is severly undervalued and ven is a good investment in lon‚Ä¶ LINK",Sun Mar 25 11:08:22 +0000 2018
"bitcoin (btc/usd) technical analysis on march 26, 2018 LINK bitcoinforecast cryptocurrency",Sun Mar 25 11:08:21 +0000 2018
 AT_USER this is amazing. how to explain bitcoin to a child: cc AT_USER LINK,Sun Mar 25 11:08:21 +0000 2018
 AT_USER bitcoin is going up again. expected that price of bitcoin will be around 25000 until april. sta mining - LINK,Sun Mar 25 11:08:20 +0000 2018
" AT_USER create custom group bets and invite your friends, choose the buy in amounts, select what spo to bet on and enjoy the g‚Ä¶",Sun Mar 25 11:08:19 +0000 2018